Ref,Val,Package,PosX,PosY,Rot,Side
"C2","4.7uF","C_0603_1608Metric",99.200000,-59.400000,90.000000,bottom
"C3","10uF","C_0603_1608Metric",88.000000,-53.000000,90.000000,bottom
"C4","10uF","C_0603_1608Metric",80.200000,-53.000000,90.000000,bottom
"C12","22uF","C_0805_2012Metric",59.000000,-64.500000,90.000000,bottom
"C13","100nF","C_0402_1005Metric",61.000000,-64.800000,90.000000,bottom
"C14","1uF","C_0402_1005Metric",64.200000,-64.800000,90.000000,bottom
"C15","100nF","C_0402_1005Metric",67.400000,-63.800000,180.000000,bottom
"D1","B5819WS","D_SOD-323",91.500000,-51.800000,0.000000,bottom
"D2","RED","LED_0603_1608Metric",90.000000,-61.000000,180.000000,bottom
"D3","GREEN","LED_0603_1608Metric",71.600000,-61.000000,180.000000,bottom
"J3","LiPo 1S","JST_SH_SM02B-SRSS-TB_1x02-1MP_P1.00mm_Horizontal",83.500000,-68.800000,180.000000,bottom
"Q1","DMG3415U","SOT-23",91.500000,-55.400000,0.000000,bottom
"R3","100k","R_0402_1005Metric",88.000000,-56.300000,90.000000,bottom
"R4","5.1k","R_0402_1005Metric",95.500000,-62.400000,180.000000,bottom
"R5","1k","R_0402_1005Metric",90.000000,-59.200000,180.000000,bottom
"R6","10k","R_0402_1005Metric",62.600000,-64.800000,90.000000,bottom
"R7","10k","R_0402_1005Metric",73.800000,-55.600000,90.000000,bottom
"R8","1k","R_0402_1005Metric",71.600000,-62.800000,180.000000,bottom
"R9","1M","R_0402_1005Metric",67.400000,-61.000000,180.000000,bottom
"R10","1M","R_0402_1005Metric",67.400000,-62.400000,180.000000,bottom
"SW1","BOOT","SW_SPST_B3U-1000P",70.000000,-53.000000,180.000000,bottom
"SW2","RESET","SW_SPST_B3U-1000P",63.500000,-53.000000,180.000000,bottom
"U2","MCP73831-2-OT","SOT-23-5",95.500000,-59.400000,180.000000,bottom
"U3","AP2112K-3.3","SOT-23-5",84.000000,-53.000000,180.000000,bottom
"C1","4.7uF","C_0603_1608Metric",94.000000,-62.000000,0.000000,top
"C5","1uF","C_0402_1005Metric",103.900000,-51.600000,0.000000,top
"C6","1uF","C_0402_1005Metric",103.900000,-53.100000,0.000000,top
"C7","1uF","C_0402_1005Metric",103.900000,-55.200000,0.000000,top
"C8","1uF","C_0402_1005Metric",103.900000,-56.700000,0.000000,top
"C9","100nF","C_0402_1005Metric",90.400000,-58.600000,0.000000,top
"C10","100nF","C_0402_1005Metric",90.400000,-60.000000,0.000000,top
"C11","100nF","C_0402_1005Metric",90.400000,-61.400000,0.000000,top
"C16","100nF","C_0402_1005Metric",79.600000,-70.300000,0.000000,top
"C17","22uF","C_0805_2012Metric",149.200000,-59.900000,0.000000,top
"C18","100nF","C_0402_1005Metric",152.400000,-59.900000,0.000000,top
"J1","USB-C","USB_C_Receptacle_GCT_USB4105-xx-A_16P_TopMnt_Horizontal",92.000000,-68.320000,0.000000,top
"J2","CAMERA DVP","Hirose_FH12-24S-0.5SH_1x24-1MP_P0.50mm_Horizontal",87.000000,-54.450000,180.000000,top
"LS1","BONE TRANSDUCER","BoneTransducer_SolderPads",158.500000,-62.000000,0.000000,top
"R1","5.1k","R_0402_1005Metric",92.600000,-59.000000,90.000000,top
"R2","5.1k","R_0402_1005Metric",94.200000,-59.000000,90.000000,top
"R11","4.7k","R_0402_1005Metric",88.000000,-58.600000,0.000000,top
"R12","4.7k","R_0402_1005Metric",88.000000,-60.000000,0.000000,top
"R13","10k","R_0402_1005Metric",88.000000,-61.400000,0.000000,top
"R14","10k","R_0402_1005Metric",88.000000,-62.800000,0.000000,top
"R15","100k","R_0402_1005Metric",82.200000,-70.300000,0.000000,top
"U1","ESP32-S3-WROOM-1-N16R8","ESP32-S3-WROOM-1",62.800000,-61.000000,90.000000,top
"U4","TLV70028DDCR","SOT-23-5",100.000000,-52.400000,0.000000,top
"U5","TLV70012DDCR","SOT-23-5",100.000000,-56.000000,0.000000,top
"U6","ICS-43434","InvenSense_ICS-43434-6_3.5x2.65mm",79.600000,-66.599999,0.000000,top
"U7","MAX98357A","TQFN-16-1EP_3x3mm_P0.5mm_EP1.23x1.23mm_ThermalVias",150.000000,-55.000000,0.000000,top
"U8","USBLC6-2SC6","SOT-23-6",84.400000,-66.400000,0.000000,top
